Resource Level,Operation,Algorithm_1,Algorithm_2,Dunn_P_Value,Significant
Unconstrained,generate_median_time,BIKE-L1,ML-KEM-512,0.14197965716972322,False
Unconstrained,generate_median_time,BIKE-L1,ML-KEM-768,0.5936447436845403,False
Unconstrained,generate_median_time,BIKE-L1,ML-KEM-1024,1.0,False
Unconstrained,generate_median_time,BIKE-L1,FrodoKEM-640-AES,1.0,False
Unconstrained,generate_median_time,BIKE-L1,ECDH-X25519,0.4679879002703455,False
Unconstrained,generate_median_time,BIKE-L1,ECDSA-P256,1.0,False
Unconstrained,generate_median_time,BIKE-L1,RSA-2048,1.0,False
Unconstrained,generate_median_time,BIKE-L1,Dilithium2,1.0,False
Unconstrained,generate_median_time,BIKE-L1,Dilithium3,1.0,False
Unconstrained,generate_median_time,BIKE-L1,Dilithium5,1.0,False
Unconstrained,generate_median_time,BIKE-L1,SPHINCS+SHA2-128s-simple,1.0,False
Unconstrained,generate_median_time,BIKE-L1,SPHINCS+SHA2-192s-simple,1.0,False
Unconstrained,generate_median_time,BIKE-L1,SPHINCS+SHA2-256s-simple,1.0,False
Unconstrained,generate_median_time,ML-KEM-512,ML-KEM-768,1.0,False
Unconstrained,generate_median_time,ML-KEM-512,ML-KEM-1024,1.0,False
Unconstrained,generate_median_time,ML-KEM-512,FrodoKEM-640-AES,0.5028935278853893,False
Unconstrained,generate_median_time,ML-KEM-512,ECDH-X25519,1.0,False
Unconstrained,generate_median_time,ML-KEM-512,ECDSA-P256,1.0,False
Unconstrained,generate_median_time,ML-KEM-512,RSA-2048,0.034810661156581706,True
Unconstrained,generate_median_time,ML-KEM-512,Dilithium2,1.0,False
Unconstrained,generate_median_time,ML-KEM-512,Dilithium3,1.0,False
Unconstrained,generate_median_time,ML-KEM-512,Dilithium5,1.0,False
Unconstrained,generate_median_time,ML-KEM-512,SPHINCS+SHA2-128s-simple,0.007400818868899211,True
Unconstrained,generate_median_time,ML-KEM-512,SPHINCS+SHA2-192s-simple,0.0002170975988705619,True
Unconstrained,generate_median_time,ML-KEM-512,SPHINCS+SHA2-256s-simple,0.0013627082432033984,True
Unconstrained,generate_median_time,ML-KEM-768,ML-KEM-1024,1.0,False
Unconstrained,generate_median_time,ML-KEM-768,FrodoKEM-640-AES,1.0,False
Unconstrained,generate_median_time,ML-KEM-768,ECDH-X25519,1.0,False
Unconstrained,generate_median_time,ML-KEM-768,ECDSA-P256,1.0,False
Unconstrained,generate_median_time,ML-KEM-768,RSA-2048,0.170919795881567,False
Unconstrained,generate_median_time,ML-KEM-768,Dilithium2,1.0,False
Unconstrained,generate_median_time,ML-KEM-768,Dilithium3,1.0,False
Unconstrained,generate_median_time,ML-KEM-768,Dilithium5,1.0,False
Unconstrained,generate_median_time,ML-KEM-768,SPHINCS+SHA2-128s-simple,0.04274627402255434,True
Unconstrained,generate_median_time,ML-KEM-768,SPHINCS+SHA2-192s-simple,0.0017420540612749526,True
Unconstrained,generate_median_time,ML-KEM-768,SPHINCS+SHA2-256s-simple,0.009271897501749218,True
Unconstrained,generate_median_time,ML-KEM-1024,FrodoKEM-640-AES,1.0,False
Unconstrained,generate_median_time,ML-KEM-1024,ECDH-X25519,1.0,False
Unconstrained,generate_median_time,ML-KEM-1024,ECDSA-P256,1.0,False
Unconstrained,generate_median_time,ML-KEM-1024,RSA-2048,0.39490301889908236,False
Unconstrained,generate_median_time,ML-KEM-1024,Dilithium2,1.0,False
Unconstrained,generate_median_time,ML-KEM-1024,Dilithium3,1.0,False
Unconstrained,generate_median_time,ML-KEM-1024,Dilithium5,1.0,False
Unconstrained,generate_median_time,ML-KEM-1024,SPHINCS+SHA2-128s-simple,0.10840456312386217,False
Unconstrained,generate_median_time,ML-KEM-1024,SPHINCS+SHA2-192s-simple,0.005337217080219108,True
Unconstrained,generate_median_time,ML-KEM-1024,SPHINCS+SHA2-256s-simple,0.025834361359242747,True
Unconstrained,generate_median_time,FrodoKEM-640-AES,ECDH-X25519,1.0,False
Unconstrained,generate_median_time,FrodoKEM-640-AES,ECDSA-P256,1.0,False
Unconstrained,generate_median_time,FrodoKEM-640-AES,RSA-2048,1.0,False
Unconstrained,generate_median_time,FrodoKEM-640-AES,Dilithium2,1.0,False
Unconstrained,generate_median_time,FrodoKEM-640-AES,Dilithium3,1.0,False
Unconstrained,generate_median_time,FrodoKEM-640-AES,Dilithium5,1.0,False
Unconstrained,generate_median_time,FrodoKEM-640-AES,SPHINCS+SHA2-128s-simple,1.0,False
Unconstrained,generate_median_time,FrodoKEM-640-AES,SPHINCS+SHA2-192s-simple,1.0,False
Unconstrained,generate_median_time,FrodoKEM-640-AES,SPHINCS+SHA2-256s-simple,1.0,False
Unconstrained,generate_median_time,ECDH-X25519,ECDSA-P256,1.0,False
Unconstrained,generate_median_time,ECDH-X25519,RSA-2048,0.13101776421732403,False
Unconstrained,generate_median_time,ECDH-X25519,Dilithium2,1.0,False
Unconstrained,generate_median_time,ECDH-X25519,Dilithium3,1.0,False
Unconstrained,generate_median_time,ECDH-X25519,Dilithium5,1.0,False
Unconstrained,generate_median_time,ECDH-X25519,SPHINCS+SHA2-128s-simple,0.03185064426731401,True
Unconstrained,generate_median_time,ECDH-X25519,SPHINCS+SHA2-192s-simple,0.0012255041608324052,True
Unconstrained,generate_median_time,ECDH-X25519,SPHINCS+SHA2-256s-simple,0.0067135584252933644,True
Unconstrained,generate_median_time,ECDSA-P256,RSA-2048,0.6518795256398485,False
Unconstrained,generate_median_time,ECDSA-P256,Dilithium2,1.0,False
Unconstrained,generate_median_time,ECDSA-P256,Dilithium3,1.0,False
Unconstrained,generate_median_time,ECDSA-P256,Dilithium5,1.0,False
Unconstrained,generate_median_time,ECDSA-P256,SPHINCS+SHA2-128s-simple,0.18979805330629954,False
Unconstrained,generate_median_time,ECDSA-P256,SPHINCS+SHA2-192s-simple,0.010533095613217587,True
Unconstrained,generate_median_time,ECDSA-P256,SPHINCS+SHA2-256s-simple,0.04800841149886211,True
Unconstrained,generate_median_time,RSA-2048,Dilithium2,1.0,False
Unconstrained,generate_median_time,RSA-2048,Dilithium3,1.0,False
Unconstrained,generate_median_time,RSA-2048,Dilithium5,1.0,False
Unconstrained,generate_median_time,RSA-2048,SPHINCS+SHA2-128s-simple,1.0,False
Unconstrained,generate_median_time,RSA-2048,SPHINCS+SHA2-192s-simple,1.0,False
Unconstrained,generate_median_time,RSA-2048,SPHINCS+SHA2-256s-simple,1.0,False
Unconstrained,generate_median_time,Dilithium2,Dilithium3,1.0,False
Unconstrained,generate_median_time,Dilithium2,Dilithium5,1.0,False
Unconstrained,generate_median_time,Dilithium2,SPHINCS+SHA2-128s-simple,1.0,False
Unconstrained,generate_median_time,Dilithium2,SPHINCS+SHA2-192s-simple,0.09986542966930265,False
Unconstrained,generate_median_time,Dilithium2,SPHINCS+SHA2-256s-simple,0.36687838227448094,False
Unconstrained,generate_median_time,Dilithium3,Dilithium5,1.0,False
Unconstrained,generate_median_time,Dilithium3,SPHINCS+SHA2-128s-simple,1.0,False
Unconstrained,generate_median_time,Dilithium3,SPHINCS+SHA2-192s-simple,0.5936447436845403,False
Unconstrained,generate_median_time,Dilithium3,SPHINCS+SHA2-256s-simple,1.0,False
Unconstrained,generate_median_time,Dilithium5,SPHINCS+SHA2-128s-simple,1.0,False
Unconstrained,generate_median_time,Dilithium5,SPHINCS+SHA2-192s-simple,1.0,False
Unconstrained,generate_median_time,Dilithium5,SPHINCS+SHA2-256s-simple,1.0,False
Unconstrained,generate_median_time,SPHINCS+SHA2-128s-simple,SPHINCS+SHA2-192s-simple,1.0,False
Unconstrained,generate_median_time,SPHINCS+SHA2-128s-simple,SPHINCS+SHA2-256s-simple,1.0,False
Unconstrained,generate_median_time,SPHINCS+SHA2-192s-simple,SPHINCS+SHA2-256s-simple,1.0,False
Unconstrained,encapsulate_median_time,BIKE-L1,ML-KEM-512,0.1462319319754343,False
Unconstrained,encapsulate_median_time,BIKE-L1,ML-KEM-768,0.28672981912381507,False
Unconstrained,encapsulate_median_time,BIKE-L1,ML-KEM-1024,0.8221553196069559,False
Unconstrained,encapsulate_median_time,BIKE-L1,FrodoKEM-640-AES,1.0,False
Unconstrained,encapsulate_median_time,BIKE-L1,ECDH-X25519,1.0,False
Unconstrained,encapsulate_median_time,BIKE-L1,ECDSA-P256,0.38626629785704836,False
Unconstrained,encapsulate_median_time,BIKE-L1,RSA-2048,1.0,False
Unconstrained,encapsulate_median_time,BIKE-L1,Dilithium2,1.0,False
Unconstrained,encapsulate_median_time,BIKE-L1,Dilithium3,1.0,False
Unconstrained,encapsulate_median_time,BIKE-L1,Dilithium5,1.0,False
Unconstrained,encapsulate_median_time,BIKE-L1,SPHINCS+SHA2-128s-simple,1.0,False
Unconstrained,encapsulate_median_time,BIKE-L1,SPHINCS+SHA2-192s-simple,1.0,False
Unconstrained,encapsulate_median_time,BIKE-L1,SPHINCS+SHA2-256s-simple,1.0,False
Unconstrained,encapsulate_median_time,ML-KEM-512,ML-KEM-768,1.0,False
Unconstrained,encapsulate_median_time,ML-KEM-512,ML-KEM-1024,1.0,False
Unconstrained,encapsulate_median_time,ML-KEM-512,FrodoKEM-640-AES,0.5161893013175286,False
Unconstrained,encapsulate_median_time,ML-KEM-512,ECDH-X25519,1.0,False
Unconstrained,encapsulate_median_time,ML-KEM-512,ECDSA-P256,1.0,False
Unconstrained,encapsulate_median_time,ML-KEM-512,RSA-2048,0.035979894693391516,True
Unconstrained,encapsulate_median_time,ML-KEM-512,Dilithium2,1.0,False
Unconstrained,encapsulate_median_time,ML-KEM-512,Dilithium3,1.0,False
Unconstrained,encapsulate_median_time,ML-KEM-512,Dilithium5,1.0,False
Unconstrained,encapsulate_median_time,ML-KEM-512,SPHINCS+SHA2-128s-simple,0.007677229589589443,True
Unconstrained,encapsulate_median_time,ML-KEM-512,SPHINCS+SHA2-192s-simple,0.00022691482390095553,True
Unconstrained,encapsulate_median_time,ML-KEM-512,SPHINCS+SHA2-256s-simple,0.0014188884832129272,True
Unconstrained,encapsulate_median_time,ML-KEM-768,ML-KEM-1024,1.0,False
Unconstrained,encapsulate_median_time,ML-KEM-768,FrodoKEM-640-AES,0.941286596175241,False
Unconstrained,encapsulate_median_time,ML-KEM-768,ECDH-X25519,1.0,False
Unconstrained,encapsulate_median_time,ML-KEM-768,ECDSA-P256,1.0,False
Unconstrained,encapsulate_median_time,ML-KEM-768,RSA-2048,0.07593016257186334,False
Unconstrained,encapsulate_median_time,ML-KEM-768,Dilithium2,1.0,False
Unconstrained,encapsulate_median_time,ML-KEM-768,Dilithium3,1.0,False
Unconstrained,encapsulate_median_time,ML-KEM-768,Dilithium5,1.0,False
Unconstrained,encapsulate_median_time,ML-KEM-768,SPHINCS+SHA2-128s-simple,0.017450433130984242,True
Unconstrained,encapsulate_median_time,ML-KEM-768,SPHINCS+SHA2-192s-simple,0.0005993652285825485,True
Unconstrained,encapsulate_median_time,ML-KEM-768,SPHINCS+SHA2-256s-simple,0.00347582226253845,True
Unconstrained,encapsulate_median_time,ML-KEM-1024,FrodoKEM-640-AES,1.0,False
Unconstrained,encapsulate_median_time,ML-KEM-1024,ECDH-X25519,1.0,False
Unconstrained,encapsulate_median_time,ML-KEM-1024,ECDSA-P256,1.0,False
Unconstrained,encapsulate_median_time,ML-KEM-1024,RSA-2048,0.24629340048846426,False
Unconstrained,encapsulate_median_time,ML-KEM-1024,Dilithium2,1.0,False
Unconstrained,encapsulate_median_time,ML-KEM-1024,Dilithium3,1.0,False
Unconstrained,encapsulate_median_time,ML-KEM-1024,Dilithium5,1.0,False
Unconstrained,encapsulate_median_time,ML-KEM-1024,SPHINCS+SHA2-128s-simple,0.0641274611556606,False
Unconstrained,encapsulate_median_time,ML-KEM-1024,SPHINCS+SHA2-192s-simple,0.002836404901520555,True
Unconstrained,encapsulate_median_time,ML-KEM-1024,SPHINCS+SHA2-256s-simple,0.01448797649732354,True
Unconstrained,encapsulate_median_time,FrodoKEM-640-AES,ECDH-X25519,1.0,False
Unconstrained,encapsulate_median_time,FrodoKEM-640-AES,ECDSA-P256,1.0,False
Unconstrained,encapsulate_median_time,FrodoKEM-640-AES,RSA-2048,1.0,False
Unconstrained,encapsulate_median_time,FrodoKEM-640-AES,Dilithium2,1.0,False
Unconstrained,encapsulate_median_time,FrodoKEM-640-AES,Dilithium3,1.0,False
Unconstrained,encapsulate_median_time,FrodoKEM-640-AES,Dilithium5,1.0,False
Unconstrained,encapsulate_median_time,FrodoKEM-640-AES,SPHINCS+SHA2-128s-simple,1.0,False
Unconstrained,encapsulate_median_time,FrodoKEM-640-AES,SPHINCS+SHA2-192s-simple,1.0,False
Unconstrained,encapsulate_median_time,FrodoKEM-640-AES,SPHINCS+SHA2-256s-simple,1.0,False
Unconstrained,encapsulate_median_time,ECDH-X25519,ECDSA-P256,1.0,False
Unconstrained,encapsulate_median_time,ECDH-X25519,RSA-2048,1.0,False
Unconstrained,encapsulate_median_time,ECDH-X25519,Dilithium2,1.0,False
Unconstrained,encapsulate_median_time,ECDH-X25519,Dilithium3,1.0,False
Unconstrained,encapsulate_median_time,ECDH-X25519,Dilithium5,1.0,False
Unconstrained,encapsulate_median_time,ECDH-X25519,SPHINCS+SHA2-128s-simple,0.4690532627426512,False
Unconstrained,encapsulate_median_time,ECDH-X25519,SPHINCS+SHA2-192s-simple,0.03196510336739655,True
Unconstrained,encapsulate_median_time,ECDH-X25519,SPHINCS+SHA2-256s-simple,0.13139717629664105,False
Unconstrained,encapsulate_median_time,ECDSA-P256,RSA-2048,0.10580265821419974,False
Unconstrained,encapsulate_median_time,ECDSA-P256,Dilithium2,1.0,False
Unconstrained,encapsulate_median_time,ECDSA-P256,Dilithium3,1.0,False
Unconstrained,encapsulate_median_time,ECDSA-P256,Dilithium5,1.0,False
Unconstrained,encapsulate_median_time,ECDSA-P256,SPHINCS+SHA2-128s-simple,0.025160497084631254,True
Unconstrained,encapsulate_median_time,ECDSA-P256,SPHINCS+SHA2-192s-simple,0.0009260451344426601,True
Unconstrained,encapsulate_median_time,ECDSA-P256,SPHINCS+SHA2-256s-simple,0.005187183296898966,True
Unconstrained,encapsulate_median_time,RSA-2048,Dilithium2,1.0,False
Unconstrained,encapsulate_median_time,RSA-2048,Dilithium3,1.0,False
Unconstrained,encapsulate_median_time,RSA-2048,Dilithium5,1.0,False
Unconstrained,encapsulate_median_time,RSA-2048,SPHINCS+SHA2-128s-simple,1.0,False
Unconstrained,encapsulate_median_time,RSA-2048,SPHINCS+SHA2-192s-simple,1.0,False
Unconstrained,encapsulate_median_time,RSA-2048,SPHINCS+SHA2-256s-simple,1.0,False
Unconstrained,encapsulate_median_time,Dilithium2,Dilithium3,1.0,False
Unconstrained,encapsulate_median_time,Dilithium2,Dilithium5,1.0,False
Unconstrained,encapsulate_median_time,Dilithium2,SPHINCS+SHA2-128s-simple,1.0,False
Unconstrained,encapsulate_median_time,Dilithium2,SPHINCS+SHA2-192s-simple,0.1713925182837961,False
Unconstrained,encapsulate_median_time,Dilithium2,SPHINCS+SHA2-256s-simple,0.5949281624724192,False
Unconstrained,encapsulate_median_time,Dilithium3,Dilithium5,1.0,False
Unconstrained,encapsulate_median_time,Dilithium3,SPHINCS+SHA2-128s-simple,1.0,False
Unconstrained,encapsulate_median_time,Dilithium3,SPHINCS+SHA2-192s-simple,0.7166739314610204,False
Unconstrained,encapsulate_median_time,Dilithium3,SPHINCS+SHA2-256s-simple,1.0,False
Unconstrained,encapsulate_median_time,Dilithium5,SPHINCS+SHA2-128s-simple,1.0,False
Unconstrained,encapsulate_median_time,Dilithium5,SPHINCS+SHA2-192s-simple,1.0,False
Unconstrained,encapsulate_median_time,Dilithium5,SPHINCS+SHA2-256s-simple,1.0,False
Unconstrained,encapsulate_median_time,SPHINCS+SHA2-128s-simple,SPHINCS+SHA2-192s-simple,1.0,False
Unconstrained,encapsulate_median_time,SPHINCS+SHA2-128s-simple,SPHINCS+SHA2-256s-simple,1.0,False
Unconstrained,encapsulate_median_time,SPHINCS+SHA2-192s-simple,SPHINCS+SHA2-256s-simple,1.0,False
Unconstrained,decapsulate_median_time,BIKE-L1,ML-KEM-512,0.00042603599731889864,True
Unconstrained,decapsulate_median_time,BIKE-L1,ML-KEM-768,0.0027194562037417326,True
Unconstrained,decapsulate_median_time,BIKE-L1,ML-KEM-1024,0.02353841086189413,True
Unconstrained,decapsulate_median_time,BIKE-L1,FrodoKEM-640-AES,1.0,False
Unconstrained,decapsulate_median_time,BIKE-L1,ECDH-X25519,0.00028210701533388073,True
Unconstrained,decapsulate_median_time,BIKE-L1,ECDSA-P256,0.4672784087064046,False
Unconstrained,decapsulate_median_time,BIKE-L1,RSA-2048,0.004218136343163961,True
Unconstrained,decapsulate_median_time,BIKE-L1,Dilithium2,0.09966409612116746,False
Unconstrained,decapsulate_median_time,BIKE-L1,Dilithium3,1.0,False
Unconstrained,decapsulate_median_time,BIKE-L1,Dilithium5,1.0,False
Unconstrained,decapsulate_median_time,BIKE-L1,SPHINCS+SHA2-128s-simple,1.0,False
Unconstrained,decapsulate_median_time,BIKE-L1,SPHINCS+SHA2-192s-simple,1.0,False
Unconstrained,decapsulate_median_time,BIKE-L1,SPHINCS+SHA2-256s-simple,1.0,False
Unconstrained,decapsulate_median_time,ML-KEM-512,ML-KEM-768,1.0,False
Unconstrained,decapsulate_median_time,ML-KEM-512,ML-KEM-1024,1.0,False
Unconstrained,decapsulate_median_time,ML-KEM-512,FrodoKEM-640-AES,0.05856621093595229,False
Unconstrained,decapsulate_median_time,ML-KEM-512,ECDH-X25519,1.0,False
Unconstrained,decapsulate_median_time,ML-KEM-512,ECDSA-P256,1.0,False
Unconstrained,decapsulate_median_time,ML-KEM-512,RSA-2048,1.0,False
Unconstrained,decapsulate_median_time,ML-KEM-512,Dilithium2,1.0,False
Unconstrained,decapsulate_median_time,ML-KEM-512,Dilithium3,1.0,False
Unconstrained,decapsulate_median_time,ML-KEM-512,Dilithium5,0.7651923950296976,False
Unconstrained,decapsulate_median_time,ML-KEM-512,SPHINCS+SHA2-128s-simple,0.2270987570818224,False
Unconstrained,decapsulate_median_time,ML-KEM-512,SPHINCS+SHA2-192s-simple,0.013102593447501414,True
Unconstrained,decapsulate_median_time,ML-KEM-512,SPHINCS+SHA2-256s-simple,0.002539667168749851,True
Unconstrained,decapsulate_median_time,ML-KEM-768,ML-KEM-1024,1.0,False
Unconstrained,decapsulate_median_time,ML-KEM-768,FrodoKEM-640-AES,0.23904690407104662,False
Unconstrained,decapsulate_median_time,ML-KEM-768,ECDH-X25519,1.0,False
Unconstrained,decapsulate_median_time,ML-KEM-768,ECDSA-P256,1.0,False
Unconstrained,decapsulate_median_time,ML-KEM-768,RSA-2048,1.0,False
Unconstrained,decapsulate_median_time,ML-KEM-768,Dilithium2,1.0,False
Unconstrained,decapsulate_median_time,ML-KEM-768,Dilithium3,1.0,False
Unconstrained,decapsulate_median_time,ML-KEM-768,Dilithium5,1.0,False
Unconstrained,decapsulate_median_time,ML-KEM-768,SPHINCS+SHA2-128s-simple,0.8009691392239936,False
Unconstrained,decapsulate_median_time,ML-KEM-768,SPHINCS+SHA2-192s-simple,0.06199700145631469,False
Unconstrained,decapsulate_median_time,ML-KEM-768,SPHINCS+SHA2-256s-simple,0.013949590208642275,True
Unconstrained,decapsulate_median_time,ML-KEM-1024,FrodoKEM-640-AES,1.0,False
Unconstrained,decapsulate_median_time,ML-KEM-1024,ECDH-X25519,1.0,False
Unconstrained,decapsulate_median_time,ML-KEM-1024,ECDSA-P256,1.0,False
Unconstrained,decapsulate_median_time,ML-KEM-1024,RSA-2048,1.0,False
Unconstrained,decapsulate_median_time,ML-KEM-1024,Dilithium2,1.0,False
Unconstrained,decapsulate_median_time,ML-KEM-1024,Dilithium3,1.0,False
Unconstrained,decapsulate_median_time,ML-KEM-1024,Dilithium5,1.0,False
Unconstrained,decapsulate_median_time,ML-KEM-1024,SPHINCS+SHA2-128s-simple,1.0,False
Unconstrained,decapsulate_median_time,ML-KEM-1024,SPHINCS+SHA2-192s-simple,0.36629348929976396,False
Unconstrained,decapsulate_median_time,ML-KEM-1024,SPHINCS+SHA2-256s-simple,0.09966409612116746,False
Unconstrained,decapsulate_median_time,FrodoKEM-640-AES,ECDH-X25519,0.04264821927302851,True
Unconstrained,decapsulate_median_time,FrodoKEM-640-AES,ECDSA-P256,1.0,False
Unconstrained,decapsulate_median_time,FrodoKEM-640-AES,RSA-2048,0.331780612062541,False
Unconstrained,decapsulate_median_time,FrodoKEM-640-AES,Dilithium2,1.0,False
Unconstrained,decapsulate_median_time,FrodoKEM-640-AES,Dilithium3,1.0,False
Unconstrained,decapsulate_median_time,FrodoKEM-640-AES,Dilithium5,1.0,False
Unconstrained,decapsulate_median_time,FrodoKEM-640-AES,SPHINCS+SHA2-128s-simple,1.0,False
Unconstrained,decapsulate_median_time,FrodoKEM-640-AES,SPHINCS+SHA2-192s-simple,1.0,False
Unconstrained,decapsulate_median_time,FrodoKEM-640-AES,SPHINCS+SHA2-256s-simple,1.0,False
Unconstrained,decapsulate_median_time,ECDH-X25519,ECDSA-P256,1.0,False
Unconstrained,decapsulate_median_time,ECDH-X25519,RSA-2048,1.0,False
Unconstrained,decapsulate_median_time,ECDH-X25519,Dilithium2,1.0,False
Unconstrained,decapsulate_median_time,ECDH-X25519,Dilithium3,1.0,False
Unconstrained,decapsulate_median_time,ECDH-X25519,Dilithium5,0.5927899545425438,False
Unconstrained,decapsulate_median_time,ECDH-X25519,SPHINCS+SHA2-128s-simple,0.1706051069352322,False
Unconstrained,decapsulate_median_time,ECDH-X25519,SPHINCS+SHA2-192s-simple,0.00924595183526596,True
Unconstrained,decapsulate_median_time,ECDH-X25519,SPHINCS+SHA2-256s-simple,0.0017362101944909517,True
Unconstrained,decapsulate_median_time,ECDSA-P256,RSA-2048,1.0,False
Unconstrained,decapsulate_median_time,ECDSA-P256,Dilithium2,1.0,False
Unconstrained,decapsulate_median_time,ECDSA-P256,Dilithium3,1.0,False
Unconstrained,decapsulate_median_time,ECDSA-P256,Dilithium5,1.0,False
Unconstrained,decapsulate_median_time,ECDSA-P256,SPHINCS+SHA2-128s-simple,1.0,False
Unconstrained,decapsulate_median_time,ECDSA-P256,SPHINCS+SHA2-192s-simple,1.0,False
Unconstrained,decapsulate_median_time,ECDSA-P256,SPHINCS+SHA2-256s-simple,1.0,False
Unconstrained,decapsulate_median_time,RSA-2048,Dilithium2,1.0,False
Unconstrained,decapsulate_median_time,RSA-2048,Dilithium3,1.0,False
Unconstrained,decapsulate_median_time,RSA-2048,Dilithium5,1.0,False
Unconstrained,decapsulate_median_time,RSA-2048,SPHINCS+SHA2-128s-simple,1.0,False
Unconstrained,decapsulate_median_time,RSA-2048,SPHINCS+SHA2-192s-simple,0.08926249411534086,False
Unconstrained,decapsulate_median_time,RSA-2048,SPHINCS+SHA2-256s-simple,0.020843048475527336,True
Unconstrained,decapsulate_median_time,Dilithium2,Dilithium3,1.0,False
Unconstrained,decapsulate_median_time,Dilithium2,Dilithium5,1.0,False
Unconstrained,decapsulate_median_time,Dilithium2,SPHINCS+SHA2-128s-simple,1.0,False
Unconstrained,decapsulate_median_time,Dilithium2,SPHINCS+SHA2-192s-simple,1.0,False
Unconstrained,decapsulate_median_time,Dilithium2,SPHINCS+SHA2-256s-simple,0.36629348929976396,False
Unconstrained,decapsulate_median_time,Dilithium3,Dilithium5,1.0,False
Unconstrained,decapsulate_median_time,Dilithium3,SPHINCS+SHA2-128s-simple,1.0,False
Unconstrained,decapsulate_median_time,Dilithium3,SPHINCS+SHA2-192s-simple,1.0,False
Unconstrained,decapsulate_median_time,Dilithium3,SPHINCS+SHA2-256s-simple,1.0,False
Unconstrained,decapsulate_median_time,Dilithium5,SPHINCS+SHA2-128s-simple,1.0,False
Unconstrained,decapsulate_median_time,Dilithium5,SPHINCS+SHA2-192s-simple,1.0,False
Unconstrained,decapsulate_median_time,Dilithium5,SPHINCS+SHA2-256s-simple,1.0,False
Unconstrained,decapsulate_median_time,SPHINCS+SHA2-128s-simple,SPHINCS+SHA2-192s-simple,1.0,False
Unconstrained,decapsulate_median_time,SPHINCS+SHA2-128s-simple,SPHINCS+SHA2-256s-simple,1.0,False
Unconstrained,decapsulate_median_time,SPHINCS+SHA2-192s-simple,SPHINCS+SHA2-256s-simple,1.0,False
Moderate,generate_median_time,BIKE-L1,ML-KEM-512,0.062388770052643296,False
Moderate,generate_median_time,BIKE-L1,ML-KEM-768,0.34171990423860676,False
Moderate,generate_median_time,BIKE-L1,ML-KEM-1024,1.0,False
Moderate,generate_median_time,BIKE-L1,FrodoKEM-640-AES,1.0,False
Moderate,generate_median_time,BIKE-L1,ECDH-X25519,1.0,False
Moderate,generate_median_time,BIKE-L1,ECDSA-P256,1.0,False
Moderate,generate_median_time,BIKE-L1,RSA-2048,1.0,False
Moderate,generate_median_time,BIKE-L1,Dilithium2,1.0,False
Moderate,generate_median_time,BIKE-L1,Dilithium3,1.0,False
Moderate,generate_median_time,BIKE-L1,Dilithium5,1.0,False
Moderate,generate_median_time,BIKE-L1,SPHINCS+SHA2-128s-simple,1.0,False
Moderate,generate_median_time,BIKE-L1,SPHINCS+SHA2-192s-simple,1.0,False
Moderate,generate_median_time,BIKE-L1,SPHINCS+SHA2-256s-simple,1.0,False
Moderate,generate_median_time,ML-KEM-512,ML-KEM-768,1.0,False
Moderate,generate_median_time,ML-KEM-512,ML-KEM-1024,1.0,False
Moderate,generate_median_time,ML-KEM-512,FrodoKEM-640-AES,0.24025080207735527,False
Moderate,generate_median_time,ML-KEM-512,ECDH-X25519,1.0,False
Moderate,generate_median_time,ML-KEM-512,ECDSA-P256,1.0,False
Moderate,generate_median_time,ML-KEM-512,RSA-2048,0.014057776584205026,True
Moderate,generate_median_time,ML-KEM-512,Dilithium2,1.0,False
Moderate,generate_median_time,ML-KEM-512,Dilithium3,1.0,False
Moderate,generate_median_time,ML-KEM-512,Dilithium5,0.8040971275959855,False
Moderate,generate_median_time,ML-KEM-512,SPHINCS+SHA2-128s-simple,0.0006226131718059199,True
Moderate,generate_median_time,ML-KEM-512,SPHINCS+SHA2-192s-simple,6.781933123674135e-05,True
Moderate,generate_median_time,ML-KEM-512,SPHINCS+SHA2-256s-simple,0.002085520862707347,True
Moderate,generate_median_time,ML-KEM-768,ML-KEM-1024,1.0,False
Moderate,generate_median_time,ML-KEM-768,FrodoKEM-640-AES,1.0,False
Moderate,generate_median_time,ML-KEM-768,ECDH-X25519,1.0,False
Moderate,generate_median_time,ML-KEM-768,ECDSA-P256,1.0,False
Moderate,generate_median_time,ML-KEM-768,RSA-2048,0.09230971065936229,False
Moderate,generate_median_time,ML-KEM-768,Dilithium2,1.0,False
Moderate,generate_median_time,ML-KEM-768,Dilithium3,1.0,False
Moderate,generate_median_time,ML-KEM-768,Dilithium5,1.0,False
Moderate,generate_median_time,ML-KEM-768,SPHINCS+SHA2-128s-simple,0.0057325960223416714,True
Moderate,generate_median_time,ML-KEM-768,SPHINCS+SHA2-192s-simple,0.0007744227298740844,True
Moderate,generate_median_time,ML-KEM-768,SPHINCS+SHA2-256s-simple,0.016937668977831357,True
Moderate,generate_median_time,ML-KEM-1024,FrodoKEM-640-AES,1.0,False
Moderate,generate_median_time,ML-KEM-1024,ECDH-X25519,1.0,False
Moderate,generate_median_time,ML-KEM-1024,ECDSA-P256,1.0,False
Moderate,generate_median_time,ML-KEM-1024,RSA-2048,0.31716455096552304,False
Moderate,generate_median_time,ML-KEM-1024,Dilithium2,1.0,False
Moderate,generate_median_time,ML-KEM-1024,Dilithium3,1.0,False
Moderate,generate_median_time,ML-KEM-1024,Dilithium5,1.0,False
Moderate,generate_median_time,ML-KEM-1024,SPHINCS+SHA2-128s-simple,0.025185356510567497,True
Moderate,generate_median_time,ML-KEM-1024,SPHINCS+SHA2-192s-simple,0.003980625642284177,True
Moderate,generate_median_time,ML-KEM-1024,SPHINCS+SHA2-256s-simple,0.06791591630813597,False
Moderate,generate_median_time,FrodoKEM-640-AES,ECDH-X25519,1.0,False
Moderate,generate_median_time,FrodoKEM-640-AES,ECDSA-P256,1.0,False
Moderate,generate_median_time,FrodoKEM-640-AES,RSA-2048,1.0,False
Moderate,generate_median_time,FrodoKEM-640-AES,Dilithium2,1.0,False
Moderate,generate_median_time,FrodoKEM-640-AES,Dilithium3,1.0,False
Moderate,generate_median_time,FrodoKEM-640-AES,Dilithium5,1.0,False
Moderate,generate_median_time,FrodoKEM-640-AES,SPHINCS+SHA2-128s-simple,1.0,False
Moderate,generate_median_time,FrodoKEM-640-AES,SPHINCS+SHA2-192s-simple,1.0,False
Moderate,generate_median_time,FrodoKEM-640-AES,SPHINCS+SHA2-256s-simple,1.0,False
Moderate,generate_median_time,ECDH-X25519,ECDSA-P256,1.0,False
Moderate,generate_median_time,ECDH-X25519,RSA-2048,0.35028127280975774,False
Moderate,generate_median_time,ECDH-X25519,Dilithium2,1.0,False
Moderate,generate_median_time,ECDH-X25519,Dilithium3,1.0,False
Moderate,generate_median_time,ECDH-X25519,Dilithium5,1.0,False
Moderate,generate_median_time,ECDH-X25519,SPHINCS+SHA2-128s-simple,0.02839997681078152,True
Moderate,generate_median_time,ECDH-X25519,SPHINCS+SHA2-192s-simple,0.004548849254594008,True
Moderate,generate_median_time,ECDH-X25519,SPHINCS+SHA2-256s-simple,0.07599414314217445,False
Moderate,generate_median_time,ECDSA-P256,RSA-2048,0.9004414848076986,False
Moderate,generate_median_time,ECDSA-P256,Dilithium2,1.0,False
Moderate,generate_median_time,ECDSA-P256,Dilithium3,1.0,False
Moderate,generate_median_time,ECDSA-P256,Dilithium5,1.0,False
Moderate,generate_median_time,ECDSA-P256,SPHINCS+SHA2-128s-simple,0.08979547079211479,False
Moderate,generate_median_time,ECDSA-P256,SPHINCS+SHA2-192s-simple,0.01642201014099575,True
Moderate,generate_median_time,ECDSA-P256,SPHINCS+SHA2-256s-simple,0.2224626398503651,False
Moderate,generate_median_time,RSA-2048,Dilithium2,1.0,False
Moderate,generate_median_time,RSA-2048,Dilithium3,1.0,False
Moderate,generate_median_time,RSA-2048,Dilithium5,1.0,False
Moderate,generate_median_time,RSA-2048,SPHINCS+SHA2-128s-simple,1.0,False
Moderate,generate_median_time,RSA-2048,SPHINCS+SHA2-192s-simple,1.0,False
Moderate,generate_median_time,RSA-2048,SPHINCS+SHA2-256s-simple,1.0,False
Moderate,generate_median_time,Dilithium2,Dilithium3,1.0,False
Moderate,generate_median_time,Dilithium2,Dilithium5,1.0,False
Moderate,generate_median_time,Dilithium2,SPHINCS+SHA2-128s-simple,0.567886834795225,False
Moderate,generate_median_time,Dilithium2,SPHINCS+SHA2-192s-simple,0.1314984731914788,False
Moderate,generate_median_time,Dilithium2,SPHINCS+SHA2-256s-simple,1.0,False
Moderate,generate_median_time,Dilithium3,Dilithium5,1.0,False
Moderate,generate_median_time,Dilithium3,SPHINCS+SHA2-128s-simple,1.0,False
Moderate,generate_median_time,Dilithium3,SPHINCS+SHA2-192s-simple,0.5952706577501132,False
Moderate,generate_median_time,Dilithium3,SPHINCS+SHA2-256s-simple,1.0,False
Moderate,generate_median_time,Dilithium5,SPHINCS+SHA2-128s-simple,1.0,False
Moderate,generate_median_time,Dilithium5,SPHINCS+SHA2-192s-simple,1.0,False
Moderate,generate_median_time,Dilithium5,SPHINCS+SHA2-256s-simple,1.0,False
Moderate,generate_median_time,SPHINCS+SHA2-128s-simple,SPHINCS+SHA2-192s-simple,1.0,False
Moderate,generate_median_time,SPHINCS+SHA2-128s-simple,SPHINCS+SHA2-256s-simple,1.0,False
Moderate,generate_median_time,SPHINCS+SHA2-192s-simple,SPHINCS+SHA2-256s-simple,1.0,False
Moderate,encapsulate_median_time,BIKE-L1,ML-KEM-512,0.07186498461570553,False
Moderate,encapsulate_median_time,BIKE-L1,ML-KEM-768,0.2728540849935233,False
Moderate,encapsulate_median_time,BIKE-L1,ML-KEM-1024,0.8227045442076135,False
Moderate,encapsulate_median_time,BIKE-L1,FrodoKEM-640-AES,1.0,False
Moderate,encapsulate_median_time,BIKE-L1,ECDH-X25519,1.0,False
Moderate,encapsulate_median_time,BIKE-L1,ECDSA-P256,0.6239251910099893,False
Moderate,encapsulate_median_time,BIKE-L1,RSA-2048,1.0,False
Moderate,encapsulate_median_time,BIKE-L1,Dilithium2,1.0,False
Moderate,encapsulate_median_time,BIKE-L1,Dilithium3,1.0,False
Moderate,encapsulate_median_time,BIKE-L1,Dilithium5,1.0,False
Moderate,encapsulate_median_time,BIKE-L1,SPHINCS+SHA2-128s-simple,1.0,False
Moderate,encapsulate_median_time,BIKE-L1,SPHINCS+SHA2-192s-simple,1.0,False
Moderate,encapsulate_median_time,BIKE-L1,SPHINCS+SHA2-256s-simple,1.0,False
Moderate,encapsulate_median_time,ML-KEM-512,ML-KEM-768,1.0,False
Moderate,encapsulate_median_time,ML-KEM-512,ML-KEM-1024,1.0,False
Moderate,encapsulate_median_time,ML-KEM-512,FrodoKEM-640-AES,0.2728540849935233,False
Moderate,encapsulate_median_time,ML-KEM-512,ECDH-X25519,1.0,False
Moderate,encapsulate_median_time,ML-KEM-512,ECDSA-P256,1.0,False
Moderate,encapsulate_median_time,ML-KEM-512,RSA-2048,0.0164262965232801,True
Moderate,encapsulate_median_time,ML-KEM-512,Dilithium2,1.0,False
Moderate,encapsulate_median_time,ML-KEM-512,Dilithium3,1.0,False
Moderate,encapsulate_median_time,ML-KEM-512,Dilithium5,0.9005591535679539,False
Moderate,encapsulate_median_time,ML-KEM-512,SPHINCS+SHA2-128s-simple,0.0032539561731576776,True
Moderate,encapsulate_median_time,ML-KEM-512,SPHINCS+SHA2-192s-simple,8.277532349394858e-05,True
Moderate,encapsulate_median_time,ML-KEM-512,SPHINCS+SHA2-256s-simple,0.0005580339680702291,True
Moderate,encapsulate_median_time,ML-KEM-768,ML-KEM-1024,1.0,False
Moderate,encapsulate_median_time,ML-KEM-768,FrodoKEM-640-AES,0.9005591535679539,False
Moderate,encapsulate_median_time,ML-KEM-768,ECDH-X25519,1.0,False
Moderate,encapsulate_median_time,ML-KEM-768,ECDSA-P256,1.0,False
Moderate,encapsulate_median_time,ML-KEM-768,RSA-2048,0.07186498461570553,False
Moderate,encapsulate_median_time,ML-KEM-768,Dilithium2,1.0,False
Moderate,encapsulate_median_time,ML-KEM-768,Dilithium3,1.0,False
Moderate,encapsulate_median_time,ML-KEM-768,Dilithium5,1.0,False
Moderate,encapsulate_median_time,ML-KEM-768,SPHINCS+SHA2-128s-simple,0.0164262965232801,True
Moderate,encapsulate_median_time,ML-KEM-768,SPHINCS+SHA2-192s-simple,0.0005580339680702291,True
Moderate,encapsulate_median_time,ML-KEM-768,SPHINCS+SHA2-256s-simple,0.0032539561731576776,True
Moderate,encapsulate_median_time,ML-KEM-1024,FrodoKEM-640-AES,1.0,False
Moderate,encapsulate_median_time,ML-KEM-1024,ECDH-X25519,1.0,False
Moderate,encapsulate_median_time,ML-KEM-1024,ECDSA-P256,1.0,False
Moderate,encapsulate_median_time,ML-KEM-1024,RSA-2048,0.24650561170171,False
Moderate,encapsulate_median_time,ML-KEM-1024,Dilithium2,1.0,False
Moderate,encapsulate_median_time,ML-KEM-1024,Dilithium3,1.0,False
Moderate,encapsulate_median_time,ML-KEM-1024,Dilithium5,1.0,False
Moderate,encapsulate_median_time,ML-KEM-1024,SPHINCS+SHA2-128s-simple,0.06419678674283567,False
Moderate,encapsulate_median_time,ML-KEM-1024,SPHINCS+SHA2-192s-simple,0.002840937957900648,True
Moderate,encapsulate_median_time,ML-KEM-1024,SPHINCS+SHA2-256s-simple,0.014507195245910766,True
Moderate,encapsulate_median_time,FrodoKEM-640-AES,ECDH-X25519,1.0,False
Moderate,encapsulate_median_time,FrodoKEM-640-AES,ECDSA-P256,1.0,False
Moderate,encapsulate_median_time,FrodoKEM-640-AES,RSA-2048,1.0,False
Moderate,encapsulate_median_time,FrodoKEM-640-AES,Dilithium2,1.0,False
Moderate,encapsulate_median_time,FrodoKEM-640-AES,Dilithium3,1.0,False
Moderate,encapsulate_median_time,FrodoKEM-640-AES,Dilithium5,1.0,False
Moderate,encapsulate_median_time,FrodoKEM-640-AES,SPHINCS+SHA2-128s-simple,1.0,False
Moderate,encapsulate_median_time,FrodoKEM-640-AES,SPHINCS+SHA2-192s-simple,1.0,False
Moderate,encapsulate_median_time,FrodoKEM-640-AES,SPHINCS+SHA2-256s-simple,1.0,False
Moderate,encapsulate_median_time,ECDH-X25519,ECDSA-P256,1.0,False
Moderate,encapsulate_median_time,ECDH-X25519,RSA-2048,1.0,False
Moderate,encapsulate_median_time,ECDH-X25519,Dilithium2,1.0,False
Moderate,encapsulate_median_time,ECDH-X25519,Dilithium3,1.0,False
Moderate,encapsulate_median_time,ECDH-X25519,Dilithium5,1.0,False
Moderate,encapsulate_median_time,ECDH-X25519,SPHINCS+SHA2-128s-simple,0.5679693908946799,False
Moderate,encapsulate_median_time,ECDH-X25519,SPHINCS+SHA2-192s-simple,0.04050882965292053,True
Moderate,encapsulate_median_time,ECDH-X25519,SPHINCS+SHA2-256s-simple,0.16274580941648437,False
Moderate,encapsulate_median_time,ECDSA-P256,RSA-2048,0.1807903400351149,False
Moderate,encapsulate_median_time,ECDSA-P256,Dilithium2,1.0,False
Moderate,encapsulate_median_time,ECDSA-P256,Dilithium3,1.0,False
Moderate,encapsulate_median_time,ECDSA-P256,Dilithium5,1.0,False
Moderate,encapsulate_median_time,ECDSA-P256,SPHINCS+SHA2-128s-simple,0.045512777765650304,True
Moderate,encapsulate_median_time,ECDSA-P256,SPHINCS+SHA2-192s-simple,0.0018802030960319125,True
Moderate,encapsulate_median_time,ECDSA-P256,SPHINCS+SHA2-256s-simple,0.009938601923608657,True
Moderate,encapsulate_median_time,RSA-2048,Dilithium2,1.0,False
Moderate,encapsulate_median_time,RSA-2048,Dilithium3,1.0,False
Moderate,encapsulate_median_time,RSA-2048,Dilithium5,1.0,False
Moderate,encapsulate_median_time,RSA-2048,SPHINCS+SHA2-128s-simple,1.0,False
Moderate,encapsulate_median_time,RSA-2048,SPHINCS+SHA2-192s-simple,1.0,False
Moderate,encapsulate_median_time,RSA-2048,SPHINCS+SHA2-256s-simple,1.0,False
Moderate,encapsulate_median_time,Dilithium2,Dilithium3,1.0,False
Moderate,encapsulate_median_time,Dilithium2,Dilithium5,1.0,False
Moderate,encapsulate_median_time,Dilithium2,SPHINCS+SHA2-128s-simple,1.0,False
Moderate,encapsulate_median_time,Dilithium2,SPHINCS+SHA2-192s-simple,0.17155027620328392,False
Moderate,encapsulate_median_time,Dilithium2,SPHINCS+SHA2-256s-simple,0.5953562980326484,False
Moderate,encapsulate_median_time,Dilithium3,Dilithium5,1.0,False
Moderate,encapsulate_median_time,Dilithium3,SPHINCS+SHA2-128s-simple,1.0,False
Moderate,encapsulate_median_time,Dilithium3,SPHINCS+SHA2-192s-simple,0.5953562980326484,False
Moderate,encapsulate_median_time,Dilithium3,SPHINCS+SHA2-256s-simple,1.0,False
Moderate,encapsulate_median_time,Dilithium5,SPHINCS+SHA2-128s-simple,1.0,False
Moderate,encapsulate_median_time,Dilithium5,SPHINCS+SHA2-192s-simple,1.0,False
Moderate,encapsulate_median_time,Dilithium5,SPHINCS+SHA2-256s-simple,1.0,False
Moderate,encapsulate_median_time,SPHINCS+SHA2-128s-simple,SPHINCS+SHA2-192s-simple,1.0,False
Moderate,encapsulate_median_time,SPHINCS+SHA2-128s-simple,SPHINCS+SHA2-256s-simple,1.0,False
Moderate,encapsulate_median_time,SPHINCS+SHA2-192s-simple,SPHINCS+SHA2-256s-simple,1.0,False
Moderate,decapsulate_median_time,BIKE-L1,ML-KEM-512,7.642646600443803e-05,True
Moderate,decapsulate_median_time,BIKE-L1,ML-KEM-768,0.00099628932806923,True
Moderate,decapsulate_median_time,BIKE-L1,ML-KEM-1024,0.0105884184663564,True
Moderate,decapsulate_median_time,BIKE-L1,FrodoKEM-640-AES,1.0,False
Moderate,decapsulate_median_time,BIKE-L1,ECDH-X25519,0.0012336215079509578,True
Moderate,decapsulate_median_time,BIKE-L1,ECDSA-P256,0.40587031460654116,False
Moderate,decapsulate_median_time,BIKE-L1,RSA-2048,0.017468519755873824,True
Moderate,decapsulate_median_time,BIKE-L1,Dilithium2,0.1807573892541097,False
Moderate,decapsulate_median_time,BIKE-L1,Dilithium3,1.0,False
Moderate,decapsulate_median_time,BIKE-L1,Dilithium5,1.0,False
Moderate,decapsulate_median_time,BIKE-L1,SPHINCS+SHA2-128s-simple,1.0,False
Moderate,decapsulate_median_time,BIKE-L1,SPHINCS+SHA2-192s-simple,1.0,False
Moderate,decapsulate_median_time,BIKE-L1,SPHINCS+SHA2-256s-simple,1.0,False
Moderate,decapsulate_median_time,ML-KEM-512,ML-KEM-768,1.0,False
Moderate,decapsulate_median_time,ML-KEM-512,ML-KEM-1024,1.0,False
Moderate,decapsulate_median_time,ML-KEM-512,FrodoKEM-640-AES,0.015434660017973955,True
Moderate,decapsulate_median_time,ML-KEM-512,ECDH-X25519,1.0,False
Moderate,decapsulate_median_time,ML-KEM-512,ECDSA-P256,1.0,False
Moderate,decapsulate_median_time,ML-KEM-512,RSA-2048,1.0,False
Moderate,decapsulate_median_time,ML-KEM-512,Dilithium2,1.0,False
Moderate,decapsulate_median_time,ML-KEM-512,Dilithium3,0.8607334322900988,False
Moderate,decapsulate_median_time,ML-KEM-512,Dilithium5,0.25933029675924346,False
Moderate,decapsulate_median_time,ML-KEM-512,SPHINCS+SHA2-128s-simple,0.06791591630813597,False
Moderate,decapsulate_median_time,ML-KEM-512,SPHINCS+SHA2-192s-simple,0.0030398289199037557,True
Moderate,decapsulate_median_time,ML-KEM-512,SPHINCS+SHA2-256s-simple,0.0005182733644382851,True
Moderate,decapsulate_median_time,ML-KEM-768,ML-KEM-1024,1.0,False
Moderate,decapsulate_median_time,ML-KEM-768,FrodoKEM-640-AES,0.11181757063729024,False
Moderate,decapsulate_median_time,ML-KEM-768,ECDH-X25519,1.0,False
Moderate,decapsulate_median_time,ML-KEM-768,ECDSA-P256,1.0,False
Moderate,decapsulate_median_time,ML-KEM-768,RSA-2048,1.0,False
Moderate,decapsulate_median_time,ML-KEM-768,Dilithium2,1.0,False
Moderate,decapsulate_median_time,ML-KEM-768,Dilithium3,1.0,False
Moderate,decapsulate_median_time,ML-KEM-768,Dilithium5,1.0,False
Moderate,decapsulate_median_time,ML-KEM-768,SPHINCS+SHA2-128s-simple,0.40587031460654116,False
Moderate,decapsulate_median_time,ML-KEM-768,SPHINCS+SHA2-192s-simple,0.026747465457032632,True
Moderate,decapsulate_median_time,ML-KEM-768,SPHINCS+SHA2-256s-simple,0.005547232598593061,True
Moderate,decapsulate_median_time,ML-KEM-1024,FrodoKEM-640-AES,0.6536278053405296,False
Moderate,decapsulate_median_time,ML-KEM-1024,ECDH-X25519,1.0,False
Moderate,decapsulate_median_time,ML-KEM-1024,ECDSA-P256,1.0,False
Moderate,decapsulate_median_time,ML-KEM-1024,RSA-2048,1.0,False
Moderate,decapsulate_median_time,ML-KEM-1024,Dilithium2,1.0,False
Moderate,decapsulate_median_time,ML-KEM-1024,Dilithium3,1.0,False
Moderate,decapsulate_median_time,ML-KEM-1024,Dilithium5,1.0,False
Moderate,decapsulate_median_time,ML-KEM-1024,SPHINCS+SHA2-128s-simple,1.0,False
Moderate,decapsulate_median_time,ML-KEM-1024,SPHINCS+SHA2-192s-simple,0.19045081595490962,False
Moderate,decapsulate_median_time,ML-KEM-1024,SPHINCS+SHA2-256s-simple,0.04821464426076692,True
Moderate,decapsulate_median_time,FrodoKEM-640-AES,ECDH-X25519,0.1314984731914788,False
Moderate,decapsulate_median_time,FrodoKEM-640-AES,ECDSA-P256,1.0,False
Moderate,decapsulate_median_time,FrodoKEM-640-AES,RSA-2048,0.9417734336904066,False
Moderate,decapsulate_median_time,FrodoKEM-640-AES,Dilithium2,1.0,False
Moderate,decapsulate_median_time,FrodoKEM-640-AES,Dilithium3,1.0,False
Moderate,decapsulate_median_time,FrodoKEM-640-AES,Dilithium5,1.0,False
Moderate,decapsulate_median_time,FrodoKEM-640-AES,SPHINCS+SHA2-128s-simple,1.0,False
Moderate,decapsulate_median_time,FrodoKEM-640-AES,SPHINCS+SHA2-192s-simple,1.0,False
Moderate,decapsulate_median_time,FrodoKEM-640-AES,SPHINCS+SHA2-256s-simple,1.0,False
Moderate,decapsulate_median_time,ECDH-X25519,ECDSA-P256,1.0,False
Moderate,decapsulate_median_time,ECDH-X25519,RSA-2048,1.0,False
Moderate,decapsulate_median_time,ECDH-X25519,Dilithium2,1.0,False
Moderate,decapsulate_median_time,ECDH-X25519,Dilithium3,1.0,False
Moderate,decapsulate_median_time,ECDH-X25519,Dilithium5,1.0,False
Moderate,decapsulate_median_time,ECDH-X25519,SPHINCS+SHA2-128s-simple,0.4693375874114922,False
Moderate,decapsulate_median_time,ECDH-X25519,SPHINCS+SHA2-192s-simple,0.031995675442616375,True
Moderate,decapsulate_median_time,ECDH-X25519,SPHINCS+SHA2-256s-simple,0.006750739015532215,True
Moderate,decapsulate_median_time,ECDSA-P256,RSA-2048,1.0,False
Moderate,decapsulate_median_time,ECDSA-P256,Dilithium2,1.0,False
Moderate,decapsulate_median_time,ECDSA-P256,Dilithium3,1.0,False
Moderate,decapsulate_median_time,ECDSA-P256,Dilithium5,1.0,False
Moderate,decapsulate_median_time,ECDSA-P256,SPHINCS+SHA2-128s-simple,1.0,False
Moderate,decapsulate_median_time,ECDSA-P256,SPHINCS+SHA2-192s-simple,1.0,False
Moderate,decapsulate_median_time,ECDSA-P256,SPHINCS+SHA2-256s-simple,1.0,False
Moderate,decapsulate_median_time,RSA-2048,Dilithium2,1.0,False
Moderate,decapsulate_median_time,RSA-2048,Dilithium3,1.0,False
Moderate,decapsulate_median_time,RSA-2048,Dilithium5,1.0,False
Moderate,decapsulate_median_time,RSA-2048,SPHINCS+SHA2-128s-simple,1.0,False
Moderate,decapsulate_median_time,RSA-2048,SPHINCS+SHA2-192s-simple,0.2869218102616677,False
Moderate,decapsulate_median_time,RSA-2048,SPHINCS+SHA2-256s-simple,0.07599414314217445,False
Moderate,decapsulate_median_time,Dilithium2,Dilithium3,1.0,False
Moderate,decapsulate_median_time,Dilithium2,Dilithium5,1.0,False
Moderate,decapsulate_median_time,Dilithium2,SPHINCS+SHA2-128s-simple,1.0,False
Moderate,decapsulate_median_time,Dilithium2,SPHINCS+SHA2-192s-simple,1.0,False
Moderate,decapsulate_median_time,Dilithium2,SPHINCS+SHA2-256s-simple,0.6238363756720803,False
Moderate,decapsulate_median_time,Dilithium3,Dilithium5,1.0,False
Moderate,decapsulate_median_time,Dilithium3,SPHINCS+SHA2-128s-simple,1.0,False
Moderate,decapsulate_median_time,Dilithium3,SPHINCS+SHA2-192s-simple,1.0,False
Moderate,decapsulate_median_time,Dilithium3,SPHINCS+SHA2-256s-simple,1.0,False
Moderate,decapsulate_median_time,Dilithium5,SPHINCS+SHA2-128s-simple,1.0,False
Moderate,decapsulate_median_time,Dilithium5,SPHINCS+SHA2-192s-simple,1.0,False
Moderate,decapsulate_median_time,Dilithium5,SPHINCS+SHA2-256s-simple,1.0,False
Moderate,decapsulate_median_time,SPHINCS+SHA2-128s-simple,SPHINCS+SHA2-192s-simple,1.0,False
Moderate,decapsulate_median_time,SPHINCS+SHA2-128s-simple,SPHINCS+SHA2-256s-simple,1.0,False
Moderate,decapsulate_median_time,SPHINCS+SHA2-192s-simple,SPHINCS+SHA2-256s-simple,1.0,False
Extreme,generate_median_time,BIKE-L1,ML-KEM-512,0.04293301517037936,True
Extreme,generate_median_time,BIKE-L1,ML-KEM-768,0.2112823902602433,False
Extreme,generate_median_time,BIKE-L1,ML-KEM-1024,0.4924072469758393,False
Extreme,generate_median_time,BIKE-L1,FrodoKEM-640-AES,1.0,False
Extreme,generate_median_time,BIKE-L1,ECDH-X25519,1.0,False
Extreme,generate_median_time,BIKE-L1,ECDSA-P256,1.0,False
Extreme,generate_median_time,BIKE-L1,RSA-2048,1.0,False
Extreme,generate_median_time,BIKE-L1,Dilithium2,1.0,False
Extreme,generate_median_time,BIKE-L1,Dilithium3,1.0,False
Extreme,generate_median_time,BIKE-L1,Dilithium5,1.0,False
Extreme,generate_median_time,BIKE-L1,SPHINCS+SHA2-128s-simple,1.0,False
Extreme,generate_median_time,BIKE-L1,SPHINCS+SHA2-192s-simple,1.0,False
Extreme,generate_median_time,BIKE-L1,SPHINCS+SHA2-256s-simple,1.0,False
Extreme,generate_median_time,ML-KEM-512,ML-KEM-768,1.0,False
Extreme,generate_median_time,ML-KEM-512,ML-KEM-1024,1.0,False
Extreme,generate_median_time,ML-KEM-512,FrodoKEM-640-AES,0.17151871726653606,False
Extreme,generate_median_time,ML-KEM-512,ECDH-X25519,1.0,False
Extreme,generate_median_time,ML-KEM-512,ECDSA-P256,1.0,False
Extreme,generate_median_time,ML-KEM-512,RSA-2048,0.009321345942454793,True
Extreme,generate_median_time,ML-KEM-512,Dilithium2,1.0,False
Extreme,generate_median_time,ML-KEM-512,Dilithium3,1.0,False
Extreme,generate_median_time,ML-KEM-512,Dilithium5,0.5952706577501132,False
Extreme,generate_median_time,ML-KEM-512,SPHINCS+SHA2-128s-simple,0.00028537205944016567,True
Extreme,generate_median_time,ML-KEM-512,SPHINCS+SHA2-192s-simple,4.016604189128355e-05,True
Extreme,generate_median_time,ML-KEM-512,SPHINCS+SHA2-256s-simple,0.001753200542503516,True
Extreme,generate_median_time,ML-KEM-768,ML-KEM-1024,1.0,False
Extreme,generate_median_time,ML-KEM-768,FrodoKEM-640-AES,0.7170694661184837,False
Extreme,generate_median_time,ML-KEM-768,ECDH-X25519,1.0,False
Extreme,generate_median_time,ML-KEM-768,ECDSA-P256,1.0,False
Extreme,generate_median_time,ML-KEM-768,RSA-2048,0.05409676692123938,False
Extreme,generate_median_time,ML-KEM-768,Dilithium2,1.0,False
Extreme,generate_median_time,ML-KEM-768,Dilithium3,1.0,False
Extreme,generate_median_time,ML-KEM-768,Dilithium5,1.0,False
Extreme,generate_median_time,ML-KEM-768,SPHINCS+SHA2-128s-simple,0.0023128268854397394,True
Extreme,generate_median_time,ML-KEM-768,SPHINCS+SHA2-192s-simple,0.0003852943606989752,True
Extreme,generate_median_time,ML-KEM-768,SPHINCS+SHA2-256s-simple,0.012016689065354191,True
Extreme,generate_median_time,ML-KEM-1024,FrodoKEM-640-AES,1.0,False
Extreme,generate_median_time,ML-KEM-1024,ECDH-X25519,1.0,False
Extreme,generate_median_time,ML-KEM-1024,ECDSA-P256,1.0,False
Extreme,generate_median_time,ML-KEM-1024,RSA-2048,0.13873779173523632,False
Extreme,generate_median_time,ML-KEM-1024,Dilithium2,1.0,False
Extreme,generate_median_time,ML-KEM-1024,Dilithium3,1.0,False
Extreme,generate_median_time,ML-KEM-1024,Dilithium5,1.0,False
Extreme,generate_median_time,ML-KEM-1024,SPHINCS+SHA2-128s-simple,0.007204045711617946,True
Extreme,generate_median_time,ML-KEM-1024,SPHINCS+SHA2-192s-simple,0.0013240759878205964,True
Extreme,generate_median_time,ML-KEM-1024,SPHINCS+SHA2-256s-simple,0.03394918108392226,True
Extreme,generate_median_time,FrodoKEM-640-AES,ECDH-X25519,1.0,False
Extreme,generate_median_time,FrodoKEM-640-AES,ECDSA-P256,1.0,False
Extreme,generate_median_time,FrodoKEM-640-AES,RSA-2048,1.0,False
Extreme,generate_median_time,FrodoKEM-640-AES,Dilithium2,1.0,False
Extreme,generate_median_time,FrodoKEM-640-AES,Dilithium3,1.0,False
Extreme,generate_median_time,FrodoKEM-640-AES,Dilithium5,1.0,False
Extreme,generate_median_time,FrodoKEM-640-AES,SPHINCS+SHA2-128s-simple,1.0,False
Extreme,generate_median_time,FrodoKEM-640-AES,SPHINCS+SHA2-192s-simple,1.0,False
Extreme,generate_median_time,FrodoKEM-640-AES,SPHINCS+SHA2-256s-simple,1.0,False
Extreme,generate_median_time,ECDH-X25519,ECDSA-P256,1.0,False
Extreme,generate_median_time,ECDH-X25519,RSA-2048,0.7859720650257206,False
Extreme,generate_median_time,ECDH-X25519,Dilithium2,1.0,False
Extreme,generate_median_time,ECDH-X25519,Dilithium3,1.0,False
Extreme,generate_median_time,ECDH-X25519,Dilithium5,1.0,False
Extreme,generate_median_time,ECDH-X25519,SPHINCS+SHA2-128s-simple,0.060641332542567775,False
Extreme,generate_median_time,ECDH-X25519,SPHINCS+SHA2-192s-simple,0.013625111386802747,True
Extreme,generate_median_time,ECDH-X25519,SPHINCS+SHA2-256s-simple,0.23418189011127227,False
Extreme,generate_median_time,ECDSA-P256,RSA-2048,1.0,False
Extreme,generate_median_time,ECDSA-P256,Dilithium2,1.0,False
Extreme,generate_median_time,ECDSA-P256,Dilithium3,1.0,False
Extreme,generate_median_time,ECDSA-P256,Dilithium5,1.0,False
Extreme,generate_median_time,ECDSA-P256,SPHINCS+SHA2-128s-simple,0.31716455096552304,False
Extreme,generate_median_time,ECDSA-P256,SPHINCS+SHA2-192s-simple,0.08495613429877476,False
Extreme,generate_median_time,ECDSA-P256,SPHINCS+SHA2-256s-simple,1.0,False
Extreme,generate_median_time,RSA-2048,Dilithium2,1.0,False
Extreme,generate_median_time,RSA-2048,Dilithium3,1.0,False
Extreme,generate_median_time,RSA-2048,Dilithium5,1.0,False
Extreme,generate_median_time,RSA-2048,SPHINCS+SHA2-128s-simple,1.0,False
Extreme,generate_median_time,RSA-2048,SPHINCS+SHA2-192s-simple,1.0,False
Extreme,generate_median_time,RSA-2048,SPHINCS+SHA2-256s-simple,1.0,False
Extreme,generate_median_time,Dilithium2,Dilithium3,1.0,False
Extreme,generate_median_time,Dilithium2,Dilithium5,1.0,False
Extreme,generate_median_time,Dilithium2,SPHINCS+SHA2-128s-simple,0.24646316055499282,False
Extreme,generate_median_time,Dilithium2,SPHINCS+SHA2-192s-simple,0.0641829175125725,False
Extreme,generate_median_time,Dilithium2,SPHINCS+SHA2-256s-simple,0.822594684620844,False
Extreme,generate_median_time,Dilithium3,Dilithium5,1.0,False
Extreme,generate_median_time,Dilithium3,SPHINCS+SHA2-128s-simple,1.0,False
Extreme,generate_median_time,Dilithium3,SPHINCS+SHA2-192s-simple,0.5952706577501132,False
Extreme,generate_median_time,Dilithium3,SPHINCS+SHA2-256s-simple,1.0,False
Extreme,generate_median_time,Dilithium5,SPHINCS+SHA2-128s-simple,1.0,False
Extreme,generate_median_time,Dilithium5,SPHINCS+SHA2-192s-simple,1.0,False
Extreme,generate_median_time,Dilithium5,SPHINCS+SHA2-256s-simple,1.0,False
Extreme,generate_median_time,SPHINCS+SHA2-128s-simple,SPHINCS+SHA2-192s-simple,1.0,False
Extreme,generate_median_time,SPHINCS+SHA2-128s-simple,SPHINCS+SHA2-256s-simple,1.0,False
Extreme,generate_median_time,SPHINCS+SHA2-192s-simple,SPHINCS+SHA2-256s-simple,1.0,False
Extreme,encapsulate_median_time,BIKE-L1,ML-KEM-512,0.04293793715215786,True
Extreme,encapsulate_median_time,BIKE-L1,ML-KEM-768,0.21130111252644226,False
Extreme,encapsulate_median_time,BIKE-L1,ML-KEM-1024,0.49244416264277946,False
Extreme,encapsulate_median_time,BIKE-L1,FrodoKEM-640-AES,1.0,False
Extreme,encapsulate_median_time,BIKE-L1,ECDH-X25519,1.0,False
Extreme,encapsulate_median_time,BIKE-L1,ECDSA-P256,1.0,False
Extreme,encapsulate_median_time,BIKE-L1,RSA-2048,1.0,False
Extreme,encapsulate_median_time,BIKE-L1,Dilithium2,1.0,False
Extreme,encapsulate_median_time,BIKE-L1,Dilithium3,1.0,False
Extreme,encapsulate_median_time,BIKE-L1,Dilithium5,1.0,False
Extreme,encapsulate_median_time,BIKE-L1,SPHINCS+SHA2-128s-simple,1.0,False
Extreme,encapsulate_median_time,BIKE-L1,SPHINCS+SHA2-192s-simple,1.0,False
Extreme,encapsulate_median_time,BIKE-L1,SPHINCS+SHA2-256s-simple,1.0,False
Extreme,encapsulate_median_time,ML-KEM-512,ML-KEM-768,1.0,False
Extreme,encapsulate_median_time,ML-KEM-512,ML-KEM-1024,1.0,False
Extreme,encapsulate_median_time,ML-KEM-512,FrodoKEM-640-AES,0.17153449627533535,False
Extreme,encapsulate_median_time,ML-KEM-512,ECDH-X25519,1.0,False
Extreme,encapsulate_median_time,ML-KEM-512,ECDSA-P256,1.0,False
Extreme,encapsulate_median_time,ML-KEM-512,RSA-2048,0.009322649904617307,True
Extreme,encapsulate_median_time,ML-KEM-512,Dilithium2,1.0,False
Extreme,encapsulate_median_time,ML-KEM-512,Dilithium3,1.0,False
Extreme,encapsulate_median_time,ML-KEM-512,Dilithium5,0.5953134770682464,False
Extreme,encapsulate_median_time,ML-KEM-512,SPHINCS+SHA2-128s-simple,0.0017534946356532204,True
Extreme,encapsulate_median_time,ML-KEM-512,SPHINCS+SHA2-192s-simple,4.0175333036618256e-05,True
Extreme,encapsulate_median_time,ML-KEM-512,SPHINCS+SHA2-256s-simple,0.0002854286260876153,True
Extreme,encapsulate_median_time,ML-KEM-768,ML-KEM-1024,1.0,False
Extreme,encapsulate_median_time,ML-KEM-768,FrodoKEM-640-AES,0.7171189158557615,False
Extreme,encapsulate_median_time,ML-KEM-768,ECDH-X25519,1.0,False
Extreme,encapsulate_median_time,ML-KEM-768,ECDSA-P256,1.0,False
Extreme,encapsulate_median_time,ML-KEM-768,RSA-2048,0.054102763296740616,False
Extreme,encapsulate_median_time,ML-KEM-768,Dilithium2,1.0,False
Extreme,encapsulate_median_time,ML-KEM-768,Dilithium3,1.0,False
Extreme,encapsulate_median_time,ML-KEM-768,Dilithium5,1.0,False
Extreme,encapsulate_median_time,ML-KEM-768,SPHINCS+SHA2-128s-simple,0.012018319433171823,True
Extreme,encapsulate_median_time,ML-KEM-768,SPHINCS+SHA2-192s-simple,0.00038536878748869814,True
Extreme,encapsulate_median_time,ML-KEM-768,SPHINCS+SHA2-256s-simple,0.0023132041390928545,True
Extreme,encapsulate_median_time,ML-KEM-1024,FrodoKEM-640-AES,1.0,False
Extreme,encapsulate_median_time,ML-KEM-1024,ECDH-X25519,1.0,False
Extreme,encapsulate_median_time,ML-KEM-1024,ECDSA-P256,1.0,False
Extreme,encapsulate_median_time,ML-KEM-1024,RSA-2048,0.13875103360882227,False
Extreme,encapsulate_median_time,ML-KEM-1024,Dilithium2,1.0,False
Extreme,encapsulate_median_time,ML-KEM-1024,Dilithium3,1.0,False
Extreme,encapsulate_median_time,ML-KEM-1024,Dilithium5,1.0,False
Extreme,encapsulate_median_time,ML-KEM-1024,SPHINCS+SHA2-128s-simple,0.03395320432513217,True
Extreme,encapsulate_median_time,ML-KEM-1024,SPHINCS+SHA2-192s-simple,0.0013243043197461025,True
Extreme,encapsulate_median_time,ML-KEM-1024,SPHINCS+SHA2-256s-simple,0.0072050843284595855,True
Extreme,encapsulate_median_time,FrodoKEM-640-AES,ECDH-X25519,1.0,False
Extreme,encapsulate_median_time,FrodoKEM-640-AES,ECDSA-P256,1.0,False
Extreme,encapsulate_median_time,FrodoKEM-640-AES,RSA-2048,1.0,False
Extreme,encapsulate_median_time,FrodoKEM-640-AES,Dilithium2,1.0,False
Extreme,encapsulate_median_time,FrodoKEM-640-AES,Dilithium3,1.0,False
Extreme,encapsulate_median_time,FrodoKEM-640-AES,Dilithium5,1.0,False
Extreme,encapsulate_median_time,FrodoKEM-640-AES,SPHINCS+SHA2-128s-simple,1.0,False
Extreme,encapsulate_median_time,FrodoKEM-640-AES,SPHINCS+SHA2-192s-simple,1.0,False
Extreme,encapsulate_median_time,FrodoKEM-640-AES,SPHINCS+SHA2-256s-simple,1.0,False
Extreme,encapsulate_median_time,ECDH-X25519,ECDSA-P256,1.0,False
Extreme,encapsulate_median_time,ECDH-X25519,RSA-2048,1.0,False
Extreme,encapsulate_median_time,ECDH-X25519,Dilithium2,1.0,False
Extreme,encapsulate_median_time,ECDH-X25519,Dilithium3,1.0,False
Extreme,encapsulate_median_time,ECDH-X25519,Dilithium5,1.0,False
Extreme,encapsulate_median_time,ECDH-X25519,SPHINCS+SHA2-128s-simple,0.5953134770682464,False
Extreme,encapsulate_median_time,ECDH-X25519,SPHINCS+SHA2-192s-simple,0.04293793715215786,True
Extreme,encapsulate_median_time,ECDH-X25519,SPHINCS+SHA2-256s-simple,0.17153449627533535,False
Extreme,encapsulate_median_time,ECDSA-P256,RSA-2048,0.5953134770682464,False
Extreme,encapsulate_median_time,ECDSA-P256,Dilithium2,1.0,False
Extreme,encapsulate_median_time,ECDSA-P256,Dilithium3,1.0,False
Extreme,encapsulate_median_time,ECDSA-P256,Dilithium5,1.0,False
Extreme,encapsulate_median_time,ECDSA-P256,SPHINCS+SHA2-128s-simple,0.17153449627533535,False
Extreme,encapsulate_median_time,ECDSA-P256,SPHINCS+SHA2-192s-simple,0.009322649904617307,True
Extreme,encapsulate_median_time,ECDSA-P256,SPHINCS+SHA2-256s-simple,0.04293793715215786,True
Extreme,encapsulate_median_time,RSA-2048,Dilithium2,1.0,False
Extreme,encapsulate_median_time,RSA-2048,Dilithium3,1.0,False
Extreme,encapsulate_median_time,RSA-2048,Dilithium5,1.0,False
Extreme,encapsulate_median_time,RSA-2048,SPHINCS+SHA2-128s-simple,1.0,False
Extreme,encapsulate_median_time,RSA-2048,SPHINCS+SHA2-192s-simple,1.0,False
Extreme,encapsulate_median_time,RSA-2048,SPHINCS+SHA2-256s-simple,1.0,False
Extreme,encapsulate_median_time,Dilithium2,Dilithium3,1.0,False
Extreme,encapsulate_median_time,Dilithium2,Dilithium5,1.0,False
Extreme,encapsulate_median_time,Dilithium2,SPHINCS+SHA2-128s-simple,1.0,False
Extreme,encapsulate_median_time,Dilithium2,SPHINCS+SHA2-192s-simple,0.17153449627533535,False
Extreme,encapsulate_median_time,Dilithium2,SPHINCS+SHA2-256s-simple,0.5953134770682464,False
Extreme,encapsulate_median_time,Dilithium3,Dilithium5,1.0,False
Extreme,encapsulate_median_time,Dilithium3,SPHINCS+SHA2-128s-simple,1.0,False
Extreme,encapsulate_median_time,Dilithium3,SPHINCS+SHA2-192s-simple,0.5953134770682464,False
Extreme,encapsulate_median_time,Dilithium3,SPHINCS+SHA2-256s-simple,1.0,False
Extreme,encapsulate_median_time,Dilithium5,SPHINCS+SHA2-128s-simple,1.0,False
Extreme,encapsulate_median_time,Dilithium5,SPHINCS+SHA2-192s-simple,1.0,False
Extreme,encapsulate_median_time,Dilithium5,SPHINCS+SHA2-256s-simple,1.0,False
Extreme,encapsulate_median_time,SPHINCS+SHA2-128s-simple,SPHINCS+SHA2-192s-simple,1.0,False
Extreme,encapsulate_median_time,SPHINCS+SHA2-128s-simple,SPHINCS+SHA2-256s-simple,1.0,False
Extreme,encapsulate_median_time,SPHINCS+SHA2-192s-simple,SPHINCS+SHA2-256s-simple,1.0,False
Extreme,decapsulate_median_time,BIKE-L1,ML-KEM-512,4.015675257502435e-05,True
Extreme,decapsulate_median_time,BIKE-L1,ML-KEM-768,0.0003852199457301552,True
Extreme,decapsulate_median_time,BIKE-L1,ML-KEM-1024,0.001323847687445939,True
Extreme,decapsulate_median_time,BIKE-L1,FrodoKEM-640-AES,1.0,False
Extreme,decapsulate_median_time,BIKE-L1,ECDH-X25519,0.009320042118221076,True
Extreme,decapsulate_median_time,BIKE-L1,ECDSA-P256,0.5952278400782625,False
Extreme,decapsulate_median_time,BIKE-L1,RSA-2048,0.07598614357184102,False
Extreme,decapsulate_median_time,BIKE-L1,Dilithium2,0.10023860874714115,False
Extreme,decapsulate_median_time,BIKE-L1,Dilithium3,1.0,False
Extreme,decapsulate_median_time,BIKE-L1,Dilithium5,1.0,False
Extreme,decapsulate_median_time,BIKE-L1,SPHINCS+SHA2-128s-simple,1.0,False
Extreme,decapsulate_median_time,BIKE-L1,SPHINCS+SHA2-192s-simple,1.0,False
Extreme,decapsulate_median_time,BIKE-L1,SPHINCS+SHA2-256s-simple,1.0,False
Extreme,decapsulate_median_time,ML-KEM-512,ML-KEM-768,1.0,False
Extreme,decapsulate_median_time,ML-KEM-512,ML-KEM-1024,1.0,False
Extreme,decapsulate_median_time,ML-KEM-512,FrodoKEM-640-AES,0.009320042118221076,True
Extreme,decapsulate_median_time,ML-KEM-512,ECDH-X25519,1.0,False
Extreme,decapsulate_median_time,ML-KEM-512,ECDSA-P256,1.0,False
Extreme,decapsulate_median_time,ML-KEM-512,RSA-2048,1.0,False
Extreme,decapsulate_median_time,ML-KEM-512,Dilithium2,1.0,False
Extreme,decapsulate_median_time,ML-KEM-512,Dilithium3,0.5952278400782625,False
Extreme,decapsulate_median_time,ML-KEM-512,Dilithium5,0.1715029391768708,False
Extreme,decapsulate_median_time,ML-KEM-512,SPHINCS+SHA2-128s-simple,0.042928093585773465,True
Extreme,decapsulate_median_time,ML-KEM-512,SPHINCS+SHA2-192s-simple,0.0017529064886150263,True
Extreme,decapsulate_median_time,ML-KEM-512,SPHINCS+SHA2-256s-simple,0.0002853155020617927,True
Extreme,decapsulate_median_time,ML-KEM-768,ML-KEM-1024,1.0,False
Extreme,decapsulate_median_time,ML-KEM-768,FrodoKEM-640-AES,0.05409077100701137,False
Extreme,decapsulate_median_time,ML-KEM-768,ECDH-X25519,1.0,False
Extreme,decapsulate_median_time,ML-KEM-768,ECDSA-P256,1.0,False
Extreme,decapsulate_median_time,ML-KEM-768,RSA-2048,1.0,False
Extreme,decapsulate_median_time,ML-KEM-768,Dilithium2,1.0,False
Extreme,decapsulate_median_time,ML-KEM-768,Dilithium3,1.0,False
Extreme,decapsulate_median_time,ML-KEM-768,Dilithium5,0.7170200181378422,False
Extreme,decapsulate_median_time,ML-KEM-768,SPHINCS+SHA2-128s-simple,0.21126366902198124,False
Extreme,decapsulate_median_time,ML-KEM-768,SPHINCS+SHA2-192s-simple,0.012015058863159086,True
Extreme,decapsulate_median_time,ML-KEM-768,SPHINCS+SHA2-256s-simple,0.002312449680409423,True
Extreme,decapsulate_median_time,ML-KEM-1024,FrodoKEM-640-AES,0.13872455067819703,False
Extreme,decapsulate_median_time,ML-KEM-1024,ECDH-X25519,1.0,False
Extreme,decapsulate_median_time,ML-KEM-1024,ECDSA-P256,1.0,False
Extreme,decapsulate_median_time,ML-KEM-1024,RSA-2048,1.0,False
Extreme,decapsulate_median_time,ML-KEM-1024,Dilithium2,1.0,False
Extreme,decapsulate_median_time,ML-KEM-1024,Dilithium3,1.0,False
Extreme,decapsulate_median_time,ML-KEM-1024,Dilithium5,1.0,False
Extreme,decapsulate_median_time,ML-KEM-1024,SPHINCS+SHA2-128s-simple,0.4923703328386212,False
Extreme,decapsulate_median_time,ML-KEM-1024,SPHINCS+SHA2-192s-simple,0.03394515818279514,True
Extreme,decapsulate_median_time,ML-KEM-1024,SPHINCS+SHA2-256s-simple,0.007203007209060406,True
Extreme,decapsulate_median_time,FrodoKEM-640-AES,ECDH-X25519,0.5952278400782625,False
Extreme,decapsulate_median_time,FrodoKEM-640-AES,ECDSA-P256,1.0,False
Extreme,decapsulate_median_time,FrodoKEM-640-AES,RSA-2048,1.0,False
Extreme,decapsulate_median_time,FrodoKEM-640-AES,Dilithium2,1.0,False
Extreme,decapsulate_median_time,FrodoKEM-640-AES,Dilithium3,1.0,False
Extreme,decapsulate_median_time,FrodoKEM-640-AES,Dilithium5,1.0,False
Extreme,decapsulate_median_time,FrodoKEM-640-AES,SPHINCS+SHA2-128s-simple,1.0,False
Extreme,decapsulate_median_time,FrodoKEM-640-AES,SPHINCS+SHA2-192s-simple,1.0,False
Extreme,decapsulate_median_time,FrodoKEM-640-AES,SPHINCS+SHA2-256s-simple,1.0,False
Extreme,decapsulate_median_time,ECDH-X25519,ECDSA-P256,1.0,False
Extreme,decapsulate_median_time,ECDH-X25519,RSA-2048,1.0,False
Extreme,decapsulate_median_time,ECDH-X25519,Dilithium2,1.0,False
Extreme,decapsulate_median_time,ECDH-X25519,Dilithium3,1.0,False
Extreme,decapsulate_median_time,ECDH-X25519,Dilithium5,1.0,False
Extreme,decapsulate_median_time,ECDH-X25519,SPHINCS+SHA2-128s-simple,1.0,False
Extreme,decapsulate_median_time,ECDH-X25519,SPHINCS+SHA2-192s-simple,0.1715029391768708,False
Extreme,decapsulate_median_time,ECDH-X25519,SPHINCS+SHA2-256s-simple,0.042928093585773465,True
Extreme,decapsulate_median_time,ECDSA-P256,RSA-2048,1.0,False
Extreme,decapsulate_median_time,ECDSA-P256,Dilithium2,1.0,False
Extreme,decapsulate_median_time,ECDSA-P256,Dilithium3,1.0,False
Extreme,decapsulate_median_time,ECDSA-P256,Dilithium5,1.0,False
Extreme,decapsulate_median_time,ECDSA-P256,SPHINCS+SHA2-128s-simple,1.0,False
Extreme,decapsulate_median_time,ECDSA-P256,SPHINCS+SHA2-192s-simple,1.0,False
Extreme,decapsulate_median_time,ECDSA-P256,SPHINCS+SHA2-256s-simple,1.0,False
Extreme,decapsulate_median_time,RSA-2048,Dilithium2,1.0,False
Extreme,decapsulate_median_time,RSA-2048,Dilithium3,1.0,False
Extreme,decapsulate_median_time,RSA-2048,Dilithium5,1.0,False
Extreme,decapsulate_median_time,RSA-2048,SPHINCS+SHA2-128s-simple,1.0,False
Extreme,decapsulate_median_time,RSA-2048,SPHINCS+SHA2-192s-simple,0.9417125723405007,False
Extreme,decapsulate_median_time,RSA-2048,SPHINCS+SHA2-256s-simple,0.28689780716772,False
Extreme,decapsulate_median_time,Dilithium2,Dilithium3,1.0,False
Extreme,decapsulate_median_time,Dilithium2,Dilithium5,1.0,False
Extreme,decapsulate_median_time,Dilithium2,SPHINCS+SHA2-128s-simple,1.0,False
Extreme,decapsulate_median_time,Dilithium2,SPHINCS+SHA2-192s-simple,1.0,False
Extreme,decapsulate_median_time,Dilithium2,SPHINCS+SHA2-256s-simple,0.36796185757002015,False
Extreme,decapsulate_median_time,Dilithium3,Dilithium5,1.0,False
Extreme,decapsulate_median_time,Dilithium3,SPHINCS+SHA2-128s-simple,1.0,False
Extreme,decapsulate_median_time,Dilithium3,SPHINCS+SHA2-192s-simple,1.0,False
Extreme,decapsulate_median_time,Dilithium3,SPHINCS+SHA2-256s-simple,1.0,False
Extreme,decapsulate_median_time,Dilithium5,SPHINCS+SHA2-128s-simple,1.0,False
Extreme,decapsulate_median_time,Dilithium5,SPHINCS+SHA2-192s-simple,1.0,False
Extreme,decapsulate_median_time,Dilithium5,SPHINCS+SHA2-256s-simple,1.0,False
Extreme,decapsulate_median_time,SPHINCS+SHA2-128s-simple,SPHINCS+SHA2-192s-simple,1.0,False
Extreme,decapsulate_median_time,SPHINCS+SHA2-128s-simple,SPHINCS+SHA2-256s-simple,1.0,False
Extreme,decapsulate_median_time,SPHINCS+SHA2-192s-simple,SPHINCS+SHA2-256s-simple,1.0,False
